a-guys-guide-to-birth-control,15
a-time-to-forgive,15
acting-tough-and-strong,15
alcohol-may-be-legal,15
anger-issues-and-control,15
anger-issues-checklist,15
are-you-feeling-horny,15
are-you-hurting-yourself,15
are-you-thinking-straight,15
are-you-too-controlling,15
avoid-exam-stress,15
badboy-drowning-my-sorrows,15
badboy-feeling-so-horny,15
badboy-feeling-so-sexy,15
badboy-im-no-virgin-loser,15
badboy-rash-behavior,15
badboy-rash-behaviour,15
badboy-yes-maam,15
burning-when-you-urinate,15
busted-myths-about-young-women-and-sex,15
cityprincess-going-down-him,15
cityprincess-going-down-on-him,15
cityprincess-i-get-a-lot-of-sex,15
cityprincess-i-get-lot-sex,15
cityprincess-just-summer-fling,15
cityprincess-what-makes-a-guy-sexy,15
cityprincess-what-makes-guy-sexy,15
cityprincess-youre-dating-other-people,15
condom-comeback-lines,15
condom-rules,15
contraception-a-to-z,15
contraception-a-z,15
contraception-z,15
could-you-have-an-sti,15
could-you-have-sti,15
crazy-jealous-love,15
date-moving-too-fast,15
date-or-date-rape,15
do-you-know-your-limits,15
dont-drink-and,15
dont-make-these-contraception-mistakes,15
ending-a-pregnancy,15
ending-pregnancy,15
female-condoms,15
first-date-sex,15
fix-a-smell-down-south,15
fix-smell-down-south,15
four-signs-theyre-not-one,15
four-signs-theyre-not-the-one,15
girls-be-careful,15
good-rules-brothers,15
good-rules-for-brothers,15
goodbye-sweet-love,15
harmful-traditional-practices,15
have-you-got-a-problem,15
have-you-got-problem,15
help-you-had-unprotected-sex,15
hivhomegirl-starts-week,15
hivhomegirl-1-i-look-so-good,15
hivhomegirl-chapter-1-i-look-so-good,15
hivhomegirl-2-what-if-isnt-flu,15
hivhomegirl-2-what-if-this-isnt-flu,15
hivhomegirl-3-it-must-be-a-mistake,15
hivhomegirl-3-it-must-be-mistake,15
hivhomegirl-4-could-i-have-infected-him,15
hivhomegirl-5-arvs-saved-my-life,15
hivhomegirl-6-the-call-i-was-avoiding,15
hivhomegirl-chapter-6-call-i-was-avoiding,15
hivhomegirl-7-standing-in-line-for-my-arvs,15
hivhomegirl-chapter-7-standing-line-my-arvs,15
hivhomegirl-8-betrayed-by-my-body-again,15
hivhomegirl-8-betrayed-my-body-again,15
hivhomegirl-9-i-can-hide-my-status,15
hivhomegirl-10-my-secrets-out,15
hivhomegirl-11-hivs-not-just-a-virus,15
hivhomegirl-11-hivs-not-just-virus,15
homosexuality-crime,15
hooking-just-fun,15
how-ask-your-lover,15
how-do-bodies-respond-sexually,15
how-get-out-sex,15
how-get-sexy-and-safe,15
how-girls-orgasm,15
how-have-safer-sex,15
how-tell-if-youre-bad-relationship,15
how-tell-your-partner-you-have-itch,15
how-to-ask-your-lover,15
how-to-ask-your-lover-to-test,15
how-to-bail-on-sex,15
how-to-get-sexy-and-safe,15
how-to-have-safer-sex,15
how-to-stop-drinking,15
how-to-stop-smoking,15
how-to-tackle-premature-ejaculation,15
how-to-tell-if-youre-in-a-bad-relationship,15
how-to-tell-your-partner-you-have-an-itch,15
how-to-use-female-condoms,15
is-hooking-up-just-fun,15
is-smoking-really-bad-for-you,15
it-happened-last-night,15
king-condom,15
lets-talk-about-porn,15
loverboy-i-pushed-her-too-far,15
male-condom,15
masturbation-advice,15
medical-male-circumcision,15
misscautious-i-drank-too-much,15
misscautious-shes-second-wife,15
misscautious-shes-the-second-wife,15
missed-your-pill,15
mr-right-do-you-trust-your-partner,15
mr-right-dont-trust-your-lover,15
mr-right-he-got-her-pregnant,15
my-dad-beats-my-mom,15
my-girlfriend-wants-sex,15
my-opinion-boys-are-not-bank-accounts,15
my-opinion-boys-are-not-bank-accounts-2,15
my-story-a-bad-smell-down-there,15
my-story-i-had-a-condom,15
my-story-raped-by-my-teacher,15
my-story-too-much-beer,15
mystory-a-bad-smell-down-there,15
mystory-acne-college,15
mystory-acne-in-college,15
mystory-am-i-dressing-too-sexy,15
mystory-bad-smell-down-there,15
mystory-god-says-no,15
mystory-his-kiss-golden,15
mystory-his-kiss-is-golden,15
mystory-i-aint-no-saint,15
mystory-i-had-a-condom,15
mystory-i-traded-my-love-for-good-hair,15
mystory-i-traded-my-love-good-hair,15
mystory-if-you-cheat-then-i-cheat,15
mystory-im-kissing-your-boyfriend,15
mystory-im-positive-negative-baby,15
mystory-im-positive-with-a-negative-baby,15
mystory-im-positive-with-negative-baby,15
mystory-its-not-my-weave,15
mystory-men-arent-all-same,15
mystory-men-arent-all-the-same,15
mystory-my-terrible-secret,15
mystory-raped-by-my-teacher,15
mystory-raped-my-teacher,15
mystory-rich-dreamy-girl,15
mystory-single-and-pregnant,15
mystory-too-much-beer,15
mystory-trouble-my-girl,15
mystory-trouble-with-my-girl,15
newgirl-first-time,15
newgirl-he-wants-ditch-condom,15
newgirl-he-wants-to-ditch-the-condom,15
newgirl-i-fell-for-my-bad-guy,15
newgirl-i-fell-my-bad-guy,15
newgirl-the-first-time,15
pregnant-and-still-studying,15
pregnant-at-school,15
pregnant-take-an-hiv-test,15
pregnant-take-hiv-test,15
puberty-initiation-rituals,15
ridiculous-condom-myths,15
sex-many-lovers,15
sex-on-tv,15
sex-on-tv-is-what-you-see-true,15
sex-they-want-it-you-dont,15
sex-tv,15
sex-with-many-partners,15
sex-you-wanna-do-it,15
sexual-cleansing-rituals,15
shocking-online-videos,15
should-you-be-having-sex,15
smartsista-a-circumcised-guy,15
smartsista-a-circumcised-man,15
smartsista-circumcised-man,15
smartsista-on-the-pill,15
smartsista-only-15-and-a-mom,15
smartsista-only-15-and-mom-1,15
smartsista-pill,15
smartsista-self-pleasure,15
smartsista-will-i-lose-him,15
stay-safe-from-rape,15
stay-safe-rape,15
the-hivhomegirl-series,15
the-implant,15
the-injection,15
they-should-love-you-but-they-hurt-you,15
they-should-love-you-they-hurt-you,15
theyre-older-and-richer,15
too-much-beer,15
too-young-be-daddy,15
too-young-to-be-a-daddy,15
true-story-boys-are-not-bank-accounts,15
true-story-dying-hook,15
true-story-dying-to-hook-up,15
true-story-god-will-judge-you,15
true-story-he-gave-me-a-female-condom,15
true-story-he-gave-me-female-condom,15
true-story-i-had-hoodie,15
true-story-kaponyas-abuse,15
true-story-kissing-my-friend,15
true-story-oh-dream-girl,15
true-story-scared-men,15
true-story-sex-best,15
true-story-sex-is-the-best,15
using-a-fisi,15
using-fisi,15
what-anal-sex,15
what-are-emergency-contraceptives,15
what-incest,15
what-is-a-termination-of-pregnancy,15
what-is-an-sti,15
what-is-anal-sex,15
what-is-gender-based-violence,15
what-is-incest,15
what-is-oral-sex,15
what-is-risky-sex,15
what-kinds-of-stis-are-there,15
what-kinds-stis-are-there,15
what-oral-sex,15
what-risky-sex,15
what-sti,15
what-termination-pregnancy,15
what-unintended-pregnancy,15
why-gender-violence-is-risky-for-girls,15
young-guy-getting-snip,15
youngguy-getting-the-snip,15
youngguy-will-i-perform,15
youre-pregnant,15
hiv-and-need-treatment,20
just-found-out-youre-hiv,20
mr-right-she-was-a-beauty,20
mr-right-she-was-beauty,20
need-to-gain-weight,20
need-to-lose-weight,20
whats-link-between-hiv-and-tb,20
whats-the-link-between-hiv-and-tb,20
youve-tested-positive,20