slug,date
5-things-about-a-vagina,2018-08-15 08:00:00
5-things-about-vaginas,2018-08-15 08:00:00
a-boys-choice,2018-06-09 08:00:00
a-girl-called-busi,2018-03-14 08:00:00
a-guys-guide-to-birth-control,2018-05-18 08:00:00
a-guys-privates,2018-11-29 08:00:00
a-kiss-for-good-marks,2018-05-09 08:00:00
a-time-to-forgive,2018-04-15 08:00:00
acting-tough-and-strong,2018-06-04 08:00:00
alcohol-may-be-legal,2018-08-16 08:00:00
all-these-happy-fb-friends,2018-12-25 08:00:00
anger-issues-and-control,2018-09-14 08:00:00
anger-issues-checklist,2018-09-14 08:00:00
are-you-a-good-friend,2018-07-18 08:00:00
are-you-eating-the-right-stuff,2018-01-12 08:00:00
are-you-feeling-horny,2018-06-13 08:00:00
are-you-girlfriend-material,2018-09-16 08:00:00
are-you-good-friend,2018-07-18 08:00:00
are-you-hurting-yourself,2018-08-20 08:00:00
are-you-lonely,2018-12-12 08:00:00
are-you-thinking-straight,2018-12-19 08:00:00
are-you-too-controlling,2018-11-09 08:00:00
avoid-exam-stress,2018-06-11 08:00:00
awkward-conversations-need-help,2018-11-08 08:00:00
awkward-conversations-need-sex-help,2018-11-08 08:00:00
bad-skin-alert-girls,2018-03-06 08:00:00
bad-skin-alert,2018-10-18 08:00:00
badboy-drowning-my-sorrows,2018-01-08 08:00:00
badboy-feeling-so-horny,2018-06-26 08:00:00
badboy-feeling-so-sexy,2018-06-26 08:00:00
badboy-i-hate-valentines-day,2018-02-18 08:00:00
badboy-im-no-virgin-loser,2018-06-21 08:00:00
badboy-rash-behavior,2018-08-04 08:00:00
badboy-rash-behaviour,2018-08-04 08:00:00
badboy-yes-maam,2018-02-06 08:00:00
behaving-badly,2018-08-02 08:00:00
boys-choice,2018-06-09 08:00:00
burning-when-you-urinate,2018-07-24 08:00:00
busted-myths-about-young-women-and-sex,2018-03-04 08:00:00
check-your-health-and-get-tested,2018-10-03 08:00:00
cityprincess-going-down-him,2018-11-13 08:00:00
cityprincess-going-down-on-him,2018-11-13 08:00:00
cityprincess-how-soon-is-too-soon,2018-02-09 08:00:00
cityprincess-how-soon-too-soon,2018-02-09 08:00:00
cityprincess-i-get-a-lot-of-sex,2018-08-24 08:00:00
cityprincess-i-get-lot-sex,2018-08-24 08:00:00
cityprincess-just-summer-fling,2018-12-11 08:00:00
cityprincess-what-makes-a-guy-sexy,2018-06-20 08:00:00
cityprincess-what-makes-guy-sexy,2018-06-20 08:00:00
cityprincess-youre-dating-other-people,2018-01-13 08:00:00
condom-comeback-lines,2018-02-19 08:00:00
condom-rules,2018-02-07 08:00:00
contraception-a-to-z,2018-05-10 08:00:00
contraception-a-z,2018-05-10 08:00:00
contraception-z,2018-05-10 08:00:00
could-you-have-an-sti,2018-10-20 08:00:00
could-you-have-sti,2018-10-20 08:00:00
crazy-jealous-love,2018-02-02 08:00:00
crazy-myths-about-menstruation,2018-04-23 08:00:00
culture-and-marriage,2018-04-01 08:00:00
date-moving-too-fast,2018-09-23 08:00:00
date-or-date-rape,2018-11-28 08:00:00
do-guys-have-sex-on-the-brain,2018-08-29 08:00:00
do-some-people-make-you-feel-afraid,2018-04-01 08:00:00
do-you-have-an-eating-disorder,2018-10-14 08:00:00
do-you-know-your-limits,2018-12-22 08:00:00
dont-date-these-people,2018-07-12 08:00:00
dont-drink-and,2018-12-28 08:00:00
dont-fall-pregnant-too-young,2018-04-06 08:00:00
dont-make-these-contraception-mistakes,2018-09-01 08:00:00
erection-talk,2018-06-14 08:00:00
family-christmas-disasters,2018-12-16 08:00:00
fb-status-updates,2018-08-07 08:00:00
feeling-angry,2018-03-18 08:00:00
feeling-moody-and-confused,2018-08-11 08:00:00
feeling-sad-all-the-time,2018-11-10 08:00:00
feeling-sad-all-time,2018-11-10 08:00:00
female-condoms,2018-03-01 08:00:00
first-date-sex,2018-09-19 08:00:00
fix-a-smell-down-south,2018-03-20 08:00:00
fix-smell-down-south,2018-03-20 08:00:00
flirting-rules-101,2018-03-26 08:00:00
flirting-rules-nine-9,2018-03-26 08:00:00
flirting-skills-101,2018-05-12 08:00:00
flirting-skills-nine-9,2018-05-12 08:00:00
four-signs-theyre-not-one,2018-03-15 08:00:00
four-signs-theyre-not-the-one,2018-03-15 08:00:00
get-know-your-sex-organs,2018-03-11 08:00:00
get-to-know-your-sex-organs,2018-03-11 08:00:00
getting-married,2018-04-09 08:00:00
getting-married-16,2018-12-13 08:00:00
getting-married-at-16,2018-12-13 08:00:00
girls-be-careful,2018-08-08 08:00:00
good-rules-brothers,2018-03-10 08:00:00
good-rules-for-brothers,2018-03-10 08:00:00
goodbye-sweet-love,2018-03-22 08:00:00
growing-hair-in-new-places,2018-07-17 08:00:00
growing-hair-new-places,2018-07-17 08:00:00
guys-under-pressure,2018-10-10 08:00:00
hate-the-way-you-look,2018-04-21 08:00:00
have-more-questions-about-hiv-and-art,2018-07-27 08:00:00
have-you-got-a-problem,2018-08-21 08:00:00
have-you-got-problem,2018-08-21 08:00:00
help-you-had-unprotected-sex,2018-09-05 08:00:00
hey-beautiful,2018-02-24 08:00:00
hey-girls-what-consenting-sex,2018-04-03 08:00:00
hey-girls-what-is-consenting-to-sex,2018-04-03 08:00:00
hey-guys-does-she-want-you,2018-04-24 08:00:00
hiv-and-need-treatment,2018-04-26 08:00:00
hiv-whats-true-and-whats-not,2018-10-25 08:00:00
hivhomegirl-1-i-look-so-good,2018-07-03 08:00:00
hivhomegirl-chapter-1-i-look-so-good,2018-07-03 08:00:00
hivhomegirl-2-what-if-isnt-flu,2018-07-07 08:00:00
hivhomegirl-2-what-if-this-isnt-flu,2018-07-07 08:00:00
hivhomegirl-3-it-must-be-a-mistake,2018-07-10 08:00:00
hivhomegirl-3-it-must-be-mistake,2018-07-10 08:00:00
hivhomegirl-4-could-i-have-infected-him,2018-07-15 08:00:00
hivhomegirl-5-arvs-saved-my-life,2018-07-19 08:00:00
hivhomegirl-6-the-call-i-was-avoiding,2018-07-22 08:00:00
hivhomegirl-chapter-6-call-i-was-avoiding,2018-07-22 08:00:00
hivhomegirl-7-standing-in-line-for-my-arvs,2018-07-26 08:00:00
hivhomegirl-chapter-7-standing-line-my-arvs,2018-07-26 08:00:00
hivhomegirl-8-betrayed-by-my-body-again,2018-07-29 08:00:00
hivhomegirl-8-betrayed-my-body-again,2018-07-29 08:00:00
hivhomegirl-9-i-can-hide-my-status,2018-07-31 08:00:00
hivhomegirl-10-my-secrets-out,2018-08-03 08:00:00
hivhomegirl-11-hivs-not-just-a-virus,2018-08-05 08:00:00
hivhomegirl-11-hivs-not-just-virus,2018-08-05 08:00:00
holiday-disasters,2018-12-16 08:00:00
hooking-just-fun,2018-09-24 08:00:00
how-ask-your-lover,2018-01-14 08:00:00
how-avoid-liars-online,2018-10-09 08:00:00
how-be-assertive,2018-01-20 08:00:00
how-beat-bully,2018-01-27 08:00:00
how-cope-your-feelings,2018-05-29 08:00:00
how-do-bodies-respond-sexually,2018-09-18 08:00:00
how-do-girls-get-pregnant,2018-05-01 08:00:00
how-do-you-get-hiv,2018-07-14 08:00:00
how-get-out-sex,2018-05-23 08:00:00
how-get-sexy-and-safe,2018-02-03 08:00:00
how-girls-orgasm,2018-05-26 08:00:00
how-go-single,2018-09-11 08:00:00
how-handle-abuser,2018-11-12 08:00:00
how-handle-attention-guys,2018-09-13 08:00:00
how-handle-hiv-bullies,2018-07-09 08:00:00
how-handle-your-period,2018-03-17 08:00:00
how-handle-your-stress,2018-03-16 08:00:00
how-have-safer-sex,2018-01-17 08:00:00
how-i-score-a-date,2018-09-06 08:00:00
how-let-your-lips-do-talking,2018-06-30 08:00:00
how-plan-your-pregnancy,2018-10-17 08:00:00
how-say-no,2018-08-14 08:00:00
how-tell-if-he-likes-you,2018-05-07 08:00:00
how-tell-if-youre-bad-relationship,2018-03-07 08:00:00
how-tell-your-partner-you-have-itch,2018-01-21 08:00:00
how-to-ask-your-lover,2018-01-14 08:00:00
how-to-ask-your-lover-to-test,2018-01-14 08:00:00
how-to-avoid-liars-online,2018-10-09 08:00:00
how-to-bail-on-sex,2018-05-23 08:00:00
how-to-be-assertive,2018-01-20 08:00:00
how-to-beat-a-bully,2018-01-27 08:00:00
how-to-build-your-best-body,2018-06-25 08:00:00
how-to-cope-with-your-feelings,2018-05-29 08:00:00
how-to-create-your-own-future,2018-12-23 08:00:00
how-to-get-sexy-and-safe,2018-02-03 08:00:00
how-to-go-from-single,2018-09-11 08:00:00
how-to-handle-an-abuser,2018-11-12 08:00:00
how-to-handle-attention-from-guys,2018-09-13 08:00:00
how-to-handle-hiv-bullies,2018-07-09 08:00:00
how-to-handle-your-period,2018-03-17 08:00:00
how-to-handle-your-stress,2018-03-16 08:00:00
how-to-have-safer-sex,2018-01-17 08:00:00
how-to-let-your-lips-do-the-talking,2018-06-30 08:00:00
how-to-plan-your-pregnancy,2018-10-17 08:00:00
how-to-say-no,2018-06-15 08:00:00
how-to-say-no-to-smoking-and-alcohol,2018-08-14 08:00:00
how-to-say-sorry,2018-03-09 08:00:00
how-to-stop-drinking,2018-06-29 08:00:00
how-to-stop-smoking,2018-05-14 08:00:00
how-to-tackle-premature-ejaculation,2018-07-16 08:00:00
how-to-tell-if-he-likes-you,2018-05-07 08:00:00
how-to-tell-if-youre-in-a-bad-relationship,2018-03-07 08:00:00
how-to-tell-your-partner-you-have-an-itch,2018-01-21 08:00:00
how-to-understand-girls,2018-11-16 08:00:00
how-to-use-female-condoms,2018-03-01 08:00:00
how-understand-girls,2018-11-16 08:00:00
i-do,2018-04-27 08:00:00
i-was-fat-bully,2018-02-08 08:00:00
id-rather-not-know,2018-12-01 08:00:00
if-loved-ones-get-sick,2018-12-04 08:00:00
is-hooking-up-just-fun,2018-09-24 08:00:00
is-smoking-really-bad-for-you,2018-08-01 08:00:00
is-your-penis-size-okay,2018-08-23 08:00:00
it-happened-last-night,2018-03-27 08:00:00
its-your-body,2018-04-17 08:00:00
just-found-out-youre-hiv,2018-01-26 08:00:00
keep-private-things-private,2018-01-30 08:00:00
king-condom,2018-02-01 08:00:00
kiss-good-marks,2018-05-09 08:00:00
krtc-dating-sweet-or-sour,2018-02-18 08:00:00
learning-about-your-cycle,2018-05-24 08:00:00
lets-talk-about-porn,2018-04-22 08:00:00
looking-good,2018-07-06 08:00:00
love-your-lady-parts,2018-09-28 08:00:00
loverboy-i-pushed-her-too-far,2018-06-05 08:00:00
loverboy-i-take-it-nice-and-slow,2018-09-10 08:00:00
loverboy-think-youre-a-love-loser,2018-02-12 08:00:00
loverboy-think-youre-love-loser,2018-02-12 08:00:00
make-your-religion-work-for-you,2018-06-08 08:00:00
male-condom,2018-02-01 08:00:00
married-holiday,2018-12-09 08:00:00
married-on-holiday,2018-12-09 08:00:00
masturbation-advice,2018-10-05 08:00:00
masturbation-and-ejaculation,2018-01-29 08:00:00
masturbation-ejaculation-and-wet-dreams,2018-01-29 08:00:00
medical-male-circumcision,2018-06-01 08:00:00
menstruation-facts,2018-08-06 08:00:00
misscautious-i-drank-too-much,2018-05-02 08:00:00
misscautious-ill-give-it-away,2018-03-02 08:00:00
misscautious-shes-second-wife,2018-05-05 08:00:00
misscautious-shes-the-second-wife,2018-05-05 08:00:00
missed-your-pill,2018-12-26 08:00:00
money-matters,2018-01-31 08:00:00
mr-right-do-you-trust-your-partner,2018-09-02 08:00:00
mr-right-dont-trust-your-lover,2018-09-02 08:00:00
mr-right-he-got-her-pregnant,2018-05-16 08:00:00
mr-right-my-new-year-promise,2018-01-01 08:00:00
mr-right-she-was-a-beauty,2018-10-11 08:00:00
mr-right-she-was-beauty,2018-10-11 08:00:00
my-besties-man,2018-08-17 08:00:00
my-dad-beats-my-mom,2018-11-04 08:00:00
my-girl-drunk-again,2018-08-27 08:00:00
my-girlfriend-wants-sex,2018-07-05 08:00:00
my-opinion-boys-are-not-bank-accounts,2018-06-24 08:00:00
my-opinion-boys-are-not-bank-accounts-2,2018-06-24 08:00:00
my-story-a-bad-smell-down-there,2018-10-22 08:00:00
my-story-broken-heart,2018-10-31 08:00:00
my-story-i-had-a-condom,2018-06-12 08:00:00
my-story-raped-by-my-teacher,2018-08-22 08:00:00
my-story-too-fat-for-love,2018-07-13 08:00:00
my-story-too-much-beer,2018-09-03 08:00:00
my-story-trapped-in-the-room,2018-11-03 08:00:00
mystory-a-bad-smell-down-there,2018-10-22 08:00:00
mystory-a-broken-heart,2018-10-31 08:00:00
mystory-a-quiet-guy-stands-up,2018-10-27 08:00:00
mystory-acne-college,2018-08-25 08:00:00
mystory-acne-in-college,2018-08-25 08:00:00
mystory-am-i-dressing-too-sexy,2018-01-10 08:00:00
mystory-bad-smell-down-there,2018-10-22 08:00:00
mystory-god-says-no,2018-01-22 08:00:00
mystory-his-kiss-golden,2018-01-19 08:00:00
mystory-his-kiss-is-golden,2018-01-19 08:00:00
mystory-i-aint-no-saint,2018-15-05 08:00:00
mystory-i-cant-do-anything-right,2018-11-07 08:00:00
mystory-i-had-a-condom,2018-06-12 08:00:00
mystory-i-traded-my-love-for-good-hair,2018-02-05 08:00:00
mystory-i-traded-my-love-good-hair,2018-02-05 08:00:00
mystory-i-was-a-bully,2018-02-08 08:00:00
mystory-if-you-cheat-then-i-cheat,2018-02-23 08:00:00
mystory-im-kissing-your-boyfriend,2018-02-20 08:00:00
mystory-im-positive-negative-baby,2018-12-15 08:00:00
mystory-im-positive-with-a-negative-baby,2018-12-15 08:00:00
mystory-im-positive-with-negative-baby,2018-12-15 08:00:00
mystory-in-love-with-my-teacher,2018-02-26 08:00:00
mystory-its-not-my-weave,2018-10-19 08:00:00
mystory-life-advice-i-love,2018-05-25 08:00:00
mystory-love-my-teacher,2018-02-26 08:00:00
mystory-men-arent-all-same,2018-03-05 08:00:00
mystory-men-arent-all-the-same,2018-03-05 08:00:00
mystory-my-dad-beats-my-mom,2018-11-04 08:00:00
mystory-my-father-took-other-wives,2018-04-05 08:00:00
mystory-my-relatives-took-us,2018-03-31 08:00:00
mystory-my-relatives-took-us-in,2018-03-31 08:00:00
mystory-my-teacher-is-touching-me,2018-03-23 08:00:00
mystory-my-teacher-touching-me,2018-03-31 08:00:00
mystory-my-terrible-secret,2018-09-27 08:00:00
mystory-raped-by-my-teacher,2018-08-22 08:00:00
mystory-raped-my-teacher,2018-08-22 08:00:00
mystory-rich-dreamy-girl,2018-05-28 08:00:00
mystory-single-and-pregnant,2018-12-08 08:00:00
mystory-too-much-beer,2018-09-03 08:00:00
mystory-trapped-in-the-room,2018-11-03 08:00:00
mystory-trouble-my-girl,2018-11-02 08:00:00
mystory-trouble-with-my-girl,2018-11-02 08:00:00
mystory-who-am-i,2018-04-13 08:00:00
need-to-gain-weight,2018-09-04 08:00:00
need-to-lose-weight,2018-10-01 08:00:00
newgirl-first-time,2018-01-16 08:00:00
newgirl-he-wants-ditch-condom,2018-02-17 08:00:00
newgirl-he-wants-to-ditch-the-condom,2018-02-17 08:00:00
newgirl-i-fell-for-my-bad-guy,2018-11-21 08:00:00
newgirl-i-fell-my-bad-guy,2018-11-21 08:00:00
newgirl-no-sex-all,2018-10-13 08:00:00
newgirl-no-sex-at-all,2018-10-13 08:00:00
newgirl-the-first-time,2018-01-16 08:00:00
no-money-no-hope,2018-03-03 08:00:00
not-popular-at-school,2018-01-23 08:00:00
not-ready-fall-pregnant,2018-04-07 08:00:00
not-ready-to-fall-pregnant,2018-04-07 08:00:00
nurse-said-what,2018-10-07 08:00:00
penis-basics,2018-07-11 08:00:00
plan-your-clinic-visit,2018-10-17 08:00:00
pregnant-and-still-studying,2018-08-26 08:00:00
pregnant-at-school,2018-08-26 08:00:00
pregnant-take-an-hiv-test,2018-07-30 08:00:00
pregnant-take-hiv-test,2018-07-30 08:00:00
prevent-an-sti,2018-11-30 08:00:00
protect-yourself-from-hiv,2018-09-21 08:00:00
protect-yourself-hiv,2018-09-21 08:00:00
puberty-changes,2018-06-16 08:00:00
rape-lies-revealed,2018-01-24 08:00:00
raped-or-sexually-abused,2018-11-22 08:00:00
rapper-zeus-has-dating-worries,2018-04-12 08:00:00
ridiculous-condom-myths,2018-02-13 08:00:00
saying-no-sex,2018-04-16 08:00:00
saying-no-to-sex,2018-04-16 08:00:00
seduction-skills-101,2018-05-12 08:00:00
self-esteem-builders,2018-11-20 08:00:00
sex-does-not-mean-love,2018-07-01 08:00:00
sex-many-lovers,2018-08-13 08:00:00
sex-on-tv,2018-05-19 08:00:00
sex-on-tv-is-what-you-see-true,2018-05-19 08:00:00
sex-they-want-it-you-dont,2018-04-08 08:00:00
sex-tv,2018-05-19 08:00:00
sex-with-many-partners,2018-08-13 08:00:00
sex-you-wanna-do-it,2018-06-07 08:00:00
sexually-assaulted,2018-11-22 08:00:00
sexy-happy-facebook-friends,2018-12-25 08:00:00
sexy-new-years-resolutions,2018-12-31 08:00:00
sexy-resolutions,2018-12-31 08:00:00
sexy-talk-on-the-street,2018-06-06 08:00:00
sexy-talk-street,2018-06-06 08:00:00
shes-hot-and-then-cold,2018-02-27 08:00:00
shocking-online-videos,2018-08-18 08:00:00
should-you-be-having-sex,2018-09-15 08:00:00
single-mom-now-what,2018-03-29 08:00:00
smartsista-a-circumcised-guy,2018-06-03 08:00:00
smartsista-a-circumcised-man,2018-06-03 08:00:00
smartsista-circumcised-man,2018-06-03 08:00:00
smartsista-happy-new-year,2018-12-29 08:00:00
smartsista-on-the-pill,2018-01-04 08:00:00
smartsista-only-15-and-a-mom,2018-06-18 08:00:00
smartsista-only-15-and-mom-1,2018-06-18 08:00:00
smartsista-pill,2018-01-04 08:00:00
smartsista-self-pleasure,2018-09-30 08:00:00
smartsista-will-i-lose-him,2018-01-07 08:00:00
stay-safe-from-rape,2018-07-21 08:00:00
stay-safe-rape,2018-07-21 08:00:00
suicide-and-dark-thoughts,2018-11-26 08:00:00
take-care-of-your-number-one-relationship,2018-12-07 08:00:00
take-care-your-number-one-relationship,2018-12-07 08:00:00
teen-zone,2018-01-28 08:00:00
the-implant,2018-05-03 08:00:00
the-injection,2018-05-21 08:00:00
the-nurse-said-what,2018-10-07 08:00:00
there-was-girl-called-busi,2018-03-14 08:00:00
these-signs-mean-no,2018-02-25 08:00:00
they-should-love-you-but-they-hurt-you,2018-11-17 08:00:00
they-should-love-you-they-hurt-you,2018-11-17 08:00:00
theyre-older-and-richer,2018-04-11 08:00:00
think-you-could-be-gay,2018-05-23 08:00:00
tmi-when-you-overshare,2018-05-17 08:00:00
too-fat-for-love,2018-07-13 08:00:00
too-fat-love,2018-07-13 08:00:00
too-much-beer,2018-09-03 08:00:00
too-young-be-daddy,2018-06-02 08:00:00
too-young-to-be-a-daddy,2018-06-02 08:00:00
true-story-boys-are-not-bank-accounts,2018-06-24 08:00:00
true-story-dying-hook,2018-02-21 08:00:00
true-story-dying-to-hook-up,2018-02-21 08:00:00
true-story-god-will-judge-you,2018-01-22 08:00:00
true-story-he-gave-me-a-female-condom,2018-03-19 08:00:00
true-story-he-gave-me-female-condom,2018-03-19 08:00:00
true-story-how-i-score-a-date,2018-09-06 08:00:00
true-story-how-i-score-date,2018-09-06 08:00:00
true-story-i-had-hoodie,2018-06-12 08:00:00
true-story-its-getting-so-hot,2018-07-25 08:00:00
true-story-kaponyas-abuse,2018-01-10 08:00:00
true-story-kissing-my-friend,2018-10-20 08:00:00
true-story-love-me-love-me-not,2018-02-15 08:00:00
true-story-my-besties-man,2018-08-17 08:00:00
true-story-my-girls-drunk-again,2018-08-27 08:00:00
true-story-oh-dream-girl,2018-05-28 08:00:00
true-story-positive-13,2018-03-21 08:00:00
true-story-positive-at-13,2018-03-21 08:00:00
true-story-scared-men,2018-04-18 08:00:00
true-story-sex-best,2018-06-17 08:00:00
true-story-sex-is-the-best,2018-06-17 08:00:00
true-story-shes-hot-and-then-cold,2018-02-27 08:00:00
true-story-stretch-marks-all-over,2018-09-22 08:00:00
true-story-stretch-marks-scar-me,2018-09-22 08:00:00
true-story-trapped-room,2018-11-03 08:00:00
true-story-what-makes-hero,2018-10-27 08:00:00
true-story-who-am-i,2018-04-13 08:00:00
truestory-my-girls-drunk-again,2018-08-27 08:00:00
visiting-a-clinic,2018-06-22 08:00:00
visiting-clinic,2018-06-22 08:00:00
what-abuse,2018-11-01 08:00:00
what-anal-sex,2018-06-23 08:00:00
what-are-emergency-contraceptives,2018-09-08 08:00:00
what-contraception-best-teen,2018-11-14 08:00:00
what-contraception-is-best-for-a-teen,2018-11-14 08:00:00
what-does-it-mean-be-man,2018-06-27 08:00:00
what-does-it-mean-to-be-a-man,2018-06-27 08:00:00
what-good-love,2018-10-08 08:00:00
what-hiv-what-aids,2018-07-04 08:00:00
what-if-you-are-treated-badly,2018-10-28 08:00:00
what-if-you-are-treated-badly-at-a-clinic,2018-10-28 08:00:00
what-if-you-are-treated-badly-clinic,2018-10-28 08:00:00
what-incest,2018-10-15 08:00:00
what-is-abuse,2018-11-01 08:00:00
what-is-an-sti,2018-01-03 08:00:00
what-is-anal-sex,2018-06-23 08:00:00
what-is-gender-based-violence,2018-11-11 08:00:00
what-is-good-love,2018-11-25 08:00:00
what-is-hiv-what-is-aids,2018-07-04 08:00:00
what-is-incest,2018-10-15 08:00:00
what-is-oral-sex,2018-05-30 08:00:00
what-is-rape,2018-02-16 08:00:00
what-is-risky-sex,2018-11-06 08:00:00
what-is-sexual-orientation,2018-05-27 08:00:00
what-is-vaginal-discharge,2018-09-17 08:00:00
what-kinds-of-stis-are-there,2018-01-03 08:00:00
what-kinds-stis-are-there,2018-01-03 08:00:00
what-oral-sex,2018-05-30 08:00:00
what-rape,2018-02-16 08:00:00
what-risky-sex,2018-11-06 08:00:00
what-sexual-orientation,2018-05-27 08:00:00
what-sti,2018-01-09 08:00:00
what-vaginal-discharge,2018-09-17 08:00:00
whats-deal-waiting,2018-03-24 08:00:00
whats-difference-between-love-and-lust,2018-07-23 08:00:00
whats-free-at-a-clinic,2018-10-02 08:00:00
whats-free-clinic,2018-10-02 08:00:00
whats-link-between-hiv-and-tb,2018-09-11 08:00:00
whats-the-deal-with-waiting,2018-03-24 08:00:00
whats-the-difference-between-love-and-lust,2018-07-23 08:00:00
whats-the-link-between-hiv-and-tb,2018-09-11 08:00:00
which-vaccinations-adolescents-need,2018-10-12 08:00:00
which-vaccinations-do-adolescents-need,2018-10-12 08:00:00
who-can-i-talk-about-sex,2018-05-13 08:00:00
who-can-i-talk-to-about-sex,2018-05-13 08:00:00
who-gets-hiv-more-easily,2018-04-19 08:00:00
why-am-i-sweating-so-much,2018-05-31 08:00:00
why-do-boys-marry-young,2018-04-14 08:00:00
why-do-girls-say-no-sex,2018-04-28 08:00:00
why-do-girls-say-no-to-sex,2018-04-28 08:00:00
why-gender-violence-is-risky-for-girls,2018-11-11 08:00:00
why-vaccinate-for-hpv,2018-03-12 08:00:00
why-vaccinate-hpv,2018-03-12 08:00:00
you-like-my-what,2018-09-12 08:00:00
you-my-what,2018-09-12 08:00:00
young-guy-getting-snip,2018-07-28 08:00:00
young-guy-will-i-perform,2018-07-20 08:00:00
youngguy-getting-the-snip,2018-07-28 08:00:00
youngguy-im-worried-about-my-penis,2018-03-13 08:00:00
youngguy-will-i-perform,2018-07-20 08:00:00
your-cycle-and-fertility,2018-05-24 08:00:00
your-friends-in-trouble,2018-02-04 08:00:00
your-hair-growing,2018-10-23 08:00:00
your-hair-is-growing,2018-10-23 08:00:00
youre-starting-sweat,2018-09-29 08:00:00
youre-starting-to-sweat,2018-09-29 08:00:00
yourwords-entry-what-is-itlovelust-or-infatuation,2018-02-15 08:00:00
yourwords-entry-who-am-i,2018-04-13 08:00:00
youth-friendly-health-services,2018-08-19 08:00:00
youve-tested-positive,2018-12-02 08:00:00